{
  "naive_24h_lag": {
    "MAE": 6.338799247494706,
    "RMSE": 12.628290027754616,
    "MAPE": 10.141945253823812,
    "R2": 0.011355362206490693
  },
  "xgboost": {
    "MAE": 0.3774542244985063,
    "RMSE": 1.2673619196407957,
    "MAPE": 0.5178006007110527,
    "R2": 0.9900424515646964
  },
  "random_forest": {
    "MAE": 1.449343388450772,
    "RMSE": 2.0892024341520754,
    "MAPE": 2.201664381482737,
    "R2": 0.972940973598953
  },
  "lstm": {
    "MAE": 3.434940577625193,
    "RMSE": 8.370635029975185,
    "MAPE": 5.1950600470089325,
    "R2": 0.5666674595821843
  }
}